epoch,time,train/box_loss,train/cls_loss,train/dfl_loss,metrics/precision(B),metrics/recall(B),metrics/mAP50(B),metrics/mAP50-95(B),val/box_loss,val/cls_loss,val/dfl_loss,lr/pg0,lr/pg1,lr/pg2
1,26.9056,4.18816,6.47031,5.34301,9e-05,0.00252,5e-05,1e-05,3.9376,5.84153,3.34209,0.00330864,0.00330864,0.00330864
2,51.6272,3.96458,6.00021,3.84052,0.00265,0.03546,0.00096,0.00041,nan,nan,nan,0.00663102,0.00663102,0.00663102
3,76.3175,3.5135,5.40309,2.76856,0.00561,0.02518,0.00215,0.00075,2.76924,9.30523,2.61158,0.00994239,0.00994239,0.00994239
4,100.069,2.70741,3.76549,2.12722,0.77816,0.0772,0.08323,0.02519,2.54551,6.32979,2.02701,0.0099505,0.0099505,0.0099505
5,123.987,2.18265,2.64497,1.80798,0.71796,0.33293,0.31726,0.15088,1.90161,2.28834,1.74963,0.009934,0.009934,0.009934
6,147.715,2.02528,2.16244,1.68894,0.69293,0.32772,0.32515,0.16057,1.77271,1.92561,1.65359,0.0099175,0.0099175,0.0099175
7,171.291,1.81043,1.79579,1.55819,0.71459,0.39212,0.44843,0.24096,1.50501,1.90047,1.41142,0.009901,0.009901,0.009901
8,194.571,1.71554,1.66319,1.4788,0.7634,0.41258,0.44692,0.25263,1.46345,1.3862,1.35246,0.0098845,0.0098845,0.0098845
9,218.336,1.60966,1.47957,1.41273,0.87474,0.43164,0.47091,0.27511,1.37877,1.342,1.29841,0.009868,0.009868,0.009868
10,241.877,1.55646,1.33416,1.35792,0.86572,0.45336,0.51688,0.3043,1.34507,1.15515,1.27326,0.0098515,0.0098515,0.0098515
11,265.601,1.48362,1.28992,1.31143,0.5787,0.51512,0.5201,0.30942,1.24325,1.13493,1.22232,0.009835,0.009835,0.009835
12,288.943,1.4284,1.22582,1.28871,0.65938,0.56075,0.58675,0.34667,1.29766,1.01804,1.23437,0.0098185,0.0098185,0.0098185
13,312.458,1.43542,1.1573,1.27033,0.71615,0.581,0.62353,0.38699,1.20539,0.95874,1.17422,0.009802,0.009802,0.009802
14,336.012,1.38009,1.10522,1.24974,0.78398,0.61384,0.66087,0.41176,1.2241,0.95122,1.1718,0.0097855,0.0097855,0.0097855
15,359.526,1.34896,1.07301,1.21714,0.83394,0.56159,0.66186,0.42382,1.13763,1.00427,1.14674,0.009769,0.009769,0.009769
16,383.059,1.3181,1.03601,1.19397,0.7457,0.60386,0.66364,0.422,1.16686,0.89099,1.16203,0.0097525,0.0097525,0.0097525
17,406.574,1.28931,1.01033,1.18935,0.68959,0.67424,0.68145,0.42139,1.11585,0.85003,1.12073,0.009736,0.009736,0.009736
18,430.08,1.26829,0.986,1.16503,0.84912,0.60991,0.67917,0.43417,1.14123,0.80975,1.12783,0.0097195,0.0097195,0.0097195
19,453.601,1.27449,0.95478,1.15689,0.74365,0.67973,0.71546,0.45958,1.09354,0.90651,1.09847,0.009703,0.009703,0.009703
20,477.2,1.24848,0.92698,1.13926,0.75061,0.68986,0.72299,0.46033,1.0708,0.80763,1.09379,0.0096865,0.0096865,0.0096865
21,500.808,1.21787,0.91883,1.14303,0.71869,0.6807,0.70578,0.46542,1.09503,0.90099,1.10352,0.00967,0.00967,0.00967
22,524.278,1.21572,0.90096,1.12929,0.86168,0.62673,0.70626,0.46174,1.05683,0.83512,1.08417,0.0096535,0.0096535,0.0096535
23,547.922,1.21448,0.89792,1.11859,0.81129,0.67732,0.73722,0.48117,1.04109,0.76922,1.07831,0.009637,0.009637,0.009637
24,571.756,1.22171,0.87913,1.12102,0.8349,0.66255,0.73212,0.47522,1.09118,0.95657,1.08065,0.0096205,0.0096205,0.0096205
25,595.363,1.20337,0.87403,1.11323,0.82945,0.71082,0.75867,0.47539,1.07079,0.74323,1.07881,0.009604,0.009604,0.009604
26,618.691,1.1667,0.8657,1.10559,0.83956,0.66184,0.75077,0.49736,1.04549,0.73795,1.06718,0.0095875,0.0095875,0.0095875
27,642.282,1.16457,0.81812,1.09308,0.82499,0.73107,0.76192,0.51454,1.01146,0.67109,1.04221,0.009571,0.009571,0.009571
28,665.712,1.12442,0.79645,1.06028,0.86843,0.70915,0.77774,0.50771,1.03895,0.72094,1.06677,0.0095545,0.0095545,0.0095545
29,689.054,1.11412,0.79477,1.07276,0.86938,0.6915,0.77579,0.52468,0.99795,0.69992,1.05134,0.009538,0.009538,0.009538
30,712.766,1.13248,0.81072,1.07933,0.813,0.70625,0.7584,0.50208,0.9756,0.67199,1.03757,0.0095215,0.0095215,0.0095215
31,736.286,1.11025,0.79465,1.07433,0.87654,0.65749,0.75211,0.49884,1.09237,0.75768,1.07927,0.009505,0.009505,0.009505
32,760.013,1.1047,0.77761,1.07257,0.82123,0.73232,0.7645,0.50254,1.03042,0.67483,1.0493,0.0094885,0.0094885,0.0094885
33,783.308,1.09184,0.76383,1.05606,0.90405,0.72261,0.80216,0.53565,0.97394,0.72355,1.0365,0.009472,0.009472,0.009472
34,806.705,1.10692,0.73484,1.04962,0.8649,0.71158,0.78535,0.54286,0.95873,0.62495,1.02913,0.0094555,0.0094555,0.0094555
35,830.201,1.12514,0.76964,1.06766,0.88915,0.75826,0.81755,0.55299,0.96457,0.64032,1.02524,0.009439,0.009439,0.009439
36,853.597,1.09537,0.74586,1.05344,0.86793,0.74422,0.80031,0.53308,0.96132,0.6606,1.02608,0.0094225,0.0094225,0.0094225
37,877.174,1.08591,0.75675,1.05427,0.82262,0.73844,0.77882,0.53809,0.94293,0.67628,1.02453,0.009406,0.009406,0.009406
38,901.095,1.04279,0.71331,1.04501,0.84981,0.73251,0.8068,0.55463,0.93441,0.62791,1.0137,0.0093895,0.0093895,0.0093895
39,924.612,1.06767,0.72839,1.04445,0.75511,0.75349,0.77063,0.52627,0.93347,0.66298,1.02001,0.009373,0.009373,0.009373
40,948.228,1.03625,0.7191,1.04354,0.88016,0.71732,0.79059,0.55095,0.92804,0.61805,1.01485,0.0093565,0.0093565,0.0093565
41,971.623,1.07188,0.73194,1.04089,0.91159,0.73602,0.81358,0.55794,0.95445,0.64001,1.02194,0.00934,0.00934,0.00934
42,995.217,1.02629,0.69167,1.02826,0.89009,0.73808,0.79538,0.56126,0.92043,0.60581,1.00836,0.0093235,0.0093235,0.0093235
43,1018.69,1.06064,0.71178,1.0395,0.85743,0.73424,0.80103,0.53033,0.95399,0.63898,1.01882,0.009307,0.009307,0.009307
44,1042.21,1.03332,0.69658,1.03135,0.88859,0.78024,0.83195,0.56925,0.9361,0.6142,1.01142,0.0092905,0.0092905,0.0092905
45,1065.61,1.04965,0.71449,1.03105,0.91036,0.76595,0.83413,0.57559,0.90806,0.60295,0.9928,0.009274,0.009274,0.009274
46,1089.74,1.01551,0.69327,1.028,0.89682,0.76274,0.82536,0.55416,0.94145,0.59772,1.01313,0.0092575,0.0092575,0.0092575
47,1113.37,1.02681,0.6842,1.01761,0.87594,0.73785,0.82671,0.56824,0.9349,0.65078,1.02066,0.009241,0.009241,0.009241
48,1136.75,1.044,0.68605,1.03478,0.91035,0.73699,0.80959,0.57107,0.90927,0.59212,0.99531,0.0092245,0.0092245,0.0092245
49,1160.14,1.02013,0.67725,1.02249,0.90105,0.7538,0.8256,0.5646,0.9219,0.5994,1.00384,0.009208,0.009208,0.009208
50,1183.53,1.0002,0.6695,1.02477,0.77711,0.73309,0.74788,0.51522,0.93162,0.63592,1.0106,0.0091915,0.0091915,0.0091915
51,1206.87,1.02941,0.67994,1.01371,0.89061,0.75006,0.82492,0.56203,0.92733,0.59627,1.00379,0.009175,0.009175,0.009175
52,1229.88,1.00213,0.67536,1.01451,0.89094,0.74475,0.8101,0.57034,0.89738,0.57594,0.9974,0.0091585,0.0091585,0.0091585
53,1253.13,1.00513,0.66179,1.00863,0.8774,0.75007,0.83004,0.57219,0.90221,0.55572,0.99209,0.009142,0.009142,0.009142
54,1276.62,1.0021,0.66332,1.016,0.84671,0.76736,0.79662,0.55741,0.92124,0.57308,0.999,0.0091255,0.0091255,0.0091255
55,1300.11,1.05468,0.68257,1.03614,0.89066,0.75783,0.80894,0.56861,0.91998,0.58602,1.01065,0.009109,0.009109,0.009109
56,1323.74,0.96891,0.64926,1.00976,0.88359,0.75568,0.81309,0.56439,0.9028,0.58331,0.98717,0.0090925,0.0090925,0.0090925
57,1347.36,1.00428,0.66111,1.01124,0.88299,0.80158,0.84286,0.57435,0.89176,0.55456,0.99216,0.009076,0.009076,0.009076
58,1370.78,0.97298,0.65824,1.00847,0.88279,0.78201,0.82019,0.56565,0.88892,0.56999,0.99358,0.0090595,0.0090595,0.0090595
59,1394.12,1.00494,0.68143,1.02052,0.84301,0.74527,0.80246,0.5756,0.88664,0.55848,0.98636,0.009043,0.009043,0.009043
60,1417.8,0.98945,0.66325,1.00919,0.92318,0.77337,0.84423,0.59375,0.88707,0.55818,0.99435,0.0090265,0.0090265,0.0090265
61,1441.12,0.98928,0.64757,1.01399,0.82542,0.78262,0.82422,0.57223,0.88675,0.5652,0.98605,0.00901,0.00901,0.00901
62,1464.9,0.99846,0.65839,1.0114,0.86909,0.7834,0.83622,0.59503,0.86707,0.5466,0.98623,0.0089935,0.0089935,0.0089935
63,1488.62,0.97302,0.63287,1.00185,0.90922,0.77465,0.83933,0.59045,0.8643,0.54231,0.98173,0.008977,0.008977,0.008977
64,1511.91,0.96,0.6291,0.99523,0.87688,0.78143,0.83196,0.58575,0.88846,0.56399,0.97995,0.0089605,0.0089605,0.0089605
65,1535.42,0.9757,0.6434,0.99967,0.83743,0.79026,0.83042,0.58322,0.90753,0.57619,0.99031,0.008944,0.008944,0.008944
66,1558.88,0.9784,0.62954,0.99564,0.86939,0.79874,0.84978,0.60274,0.89466,0.55792,0.98124,0.0089275,0.0089275,0.0089275
67,1582.12,0.97636,0.62879,0.98302,0.89283,0.77698,0.83697,0.58837,0.89834,0.54916,0.98878,0.008911,0.008911,0.008911
68,1605.42,0.95909,0.62552,0.99836,0.88704,0.80308,0.85069,0.60174,0.89385,0.53972,0.97969,0.0088945,0.0088945,0.0088945
69,1628.87,0.99388,0.63752,1.0016,0.89281,0.804,0.84945,0.60211,0.8991,0.54258,0.9799,0.008878,0.008878,0.008878
70,1652.14,0.99453,0.65834,1.00702,0.89277,0.81085,0.85778,0.60349,0.89684,0.54352,0.98193,0.0088615,0.0088615,0.0088615
71,1675.57,0.97624,0.63127,0.99299,0.90217,0.74838,0.8392,0.59377,0.88487,0.54159,0.98341,0.008845,0.008845,0.008845
72,1699,0.98926,0.62565,0.9916,0.87786,0.79327,0.84653,0.59224,0.88123,0.54211,0.97824,0.0088285,0.0088285,0.0088285
73,1722.37,0.95081,0.6185,0.9866,0.88988,0.78104,0.84926,0.60859,0.86743,0.5408,0.97243,0.008812,0.008812,0.008812
74,1745.86,0.98161,0.6217,0.98115,0.89924,0.76514,0.83841,0.60776,0.86894,0.53302,0.97172,0.0087955,0.0087955,0.0087955
75,1769.3,0.94713,0.61609,0.98573,0.87446,0.79732,0.8455,0.60826,0.87144,0.53349,0.97094,0.008779,0.008779,0.008779
76,1792.71,0.9762,0.62109,0.98972,0.90109,0.78027,0.85935,0.60559,0.87337,0.54072,0.97596,0.0087625,0.0087625,0.0087625
77,1816.12,0.9607,0.62319,1.00556,0.92361,0.78281,0.86422,0.61209,0.86919,0.52551,0.97437,0.008746,0.008746,0.008746
78,1839.46,0.9906,0.63329,0.99981,0.90025,0.77981,0.85966,0.60187,0.8928,0.54298,0.98,0.0087295,0.0087295,0.0087295
79,1862.91,0.93397,0.60344,0.97357,0.86442,0.81334,0.84706,0.60404,0.86263,0.52036,0.96849,0.008713,0.008713,0.008713
80,1885.92,0.93315,0.60191,0.97756,0.92984,0.80347,0.86496,0.60997,0.86707,0.52489,0.96776,0.0086965,0.0086965,0.0086965
81,1909.14,0.97467,0.61593,1.00921,0.81905,0.76498,0.83767,0.5992,0.8678,0.5394,0.97373,0.00868,0.00868,0.00868
82,1932.16,0.94793,0.61986,0.99618,0.91067,0.78615,0.85923,0.6163,0.86711,0.5144,0.9697,0.0086635,0.0086635,0.0086635
83,1955.44,0.95354,0.61282,0.97995,0.9146,0.78165,0.86096,0.61102,0.86752,0.52236,0.96413,0.008647,0.008647,0.008647
84,1979.53,0.94316,0.60074,0.97704,0.92723,0.76281,0.86619,0.61254,0.85839,0.53131,0.96769,0.0086305,0.0086305,0.0086305
85,2002.83,0.92706,0.5861,0.98039,0.90541,0.78869,0.86508,0.6192,0.83811,0.51048,0.96738,0.008614,0.008614,0.008614
86,2026.17,0.92069,0.58924,0.96707,0.88487,0.80097,0.85868,0.61741,0.85166,0.51651,0.96772,0.0085975,0.0085975,0.0085975
87,2049.15,0.93231,0.60678,0.97744,0.8579,0.81586,0.86101,0.62101,0.84617,0.51284,0.95939,0.008581,0.008581,0.008581
88,2072.3,0.93636,0.58835,0.96835,0.91088,0.80755,0.87373,0.6211,0.86337,0.52603,0.96655,0.0085645,0.0085645,0.0085645
89,2095.36,0.962,0.61482,0.98679,0.85179,0.79609,0.86278,0.61364,0.8466,0.51188,0.96321,0.008548,0.008548,0.008548
90,2118.51,0.93851,0.59244,0.97967,0.86672,0.82379,0.8773,0.61766,0.86312,0.51508,0.96679,0.0085315,0.0085315,0.0085315
91,2142.22,0.94001,0.5955,0.9855,0.89443,0.81586,0.87168,0.61884,0.85018,0.50448,0.96485,0.008515,0.008515,0.008515
92,2165.69,0.94593,0.59435,0.96804,0.87278,0.81624,0.86302,0.61735,0.85233,0.50874,0.96099,0.0084985,0.0084985,0.0084985
93,2188.89,0.9496,0.60524,0.96986,0.90017,0.77104,0.86576,0.62108,0.84932,0.51079,0.96195,0.008482,0.008482,0.008482
94,2212.32,0.93092,0.59245,0.9733,0.90033,0.81822,0.88387,0.63152,0.85305,0.50833,0.96293,0.0084655,0.0084655,0.0084655
95,2235.74,0.94615,0.5876,0.97502,0.91021,0.80196,0.86493,0.61911,0.84138,0.50349,0.95743,0.008449,0.008449,0.008449
96,2258.95,0.94975,0.59632,0.98669,0.89035,0.78516,0.86876,0.61465,0.84722,0.5072,0.95421,0.0084325,0.0084325,0.0084325
97,2282.69,0.94266,0.59654,0.97541,0.88688,0.82644,0.87838,0.6222,0.84146,0.50527,0.95711,0.008416,0.008416,0.008416
98,2306.32,0.90136,0.58088,0.96406,0.82627,0.82387,0.85974,0.61018,0.84425,0.5163,0.96073,0.0083995,0.0083995,0.0083995
99,2329.79,0.90513,0.58001,0.96661,0.91174,0.80586,0.88073,0.62298,0.83866,0.49225,0.95724,0.008383,0.008383,0.008383
100,2353.21,0.92459,0.57847,0.96322,0.89845,0.79541,0.87744,0.62729,0.84162,0.49835,0.95581,0.0083665,0.0083665,0.0083665
101,2376.71,0.95421,0.59868,0.97656,0.89108,0.82025,0.87478,0.62949,0.85489,0.49559,0.9564,0.00835,0.00835,0.00835
102,2399.95,0.935,0.59298,0.9778,0.9061,0.82011,0.88199,0.62985,0.8398,0.4888,0.95512,0.0083335,0.0083335,0.0083335
103,2423.17,0.9344,0.57759,0.97251,0.90078,0.80343,0.867,0.62864,0.84734,0.50036,0.95683,0.008317,0.008317,0.008317
104,2446.53,0.9062,0.57343,0.97026,0.89452,0.81486,0.8801,0.62812,0.83393,0.50426,0.95625,0.0083005,0.0083005,0.0083005
105,2469.75,0.91506,0.56804,0.97681,0.90474,0.80217,0.88384,0.63456,0.837,0.50913,0.95482,0.008284,0.008284,0.008284
106,2493.97,0.92102,0.59758,0.9828,0.8782,0.81623,0.874,0.63061,0.83811,0.49747,0.95205,0.0082675,0.0082675,0.0082675
107,2517.31,0.9252,0.58304,0.97029,0.89661,0.80508,0.88505,0.63305,0.83257,0.49278,0.95,0.008251,0.008251,0.008251
108,2540.5,0.90255,0.57142,0.96418,0.88496,0.82977,0.87969,0.6345,0.83208,0.48532,0.94628,0.0082345,0.0082345,0.0082345
109,2563.6,0.90686,0.57803,0.96453,0.88891,0.82455,0.87546,0.63705,0.82273,0.48353,0.95173,0.008218,0.008218,0.008218
110,2587.02,0.90843,0.57637,0.97696,0.91155,0.82687,0.8831,0.63005,0.83007,0.49151,0.95319,0.0082015,0.0082015,0.0082015
111,2610.46,0.92747,0.57116,0.98388,0.90865,0.83619,0.88391,0.63906,0.83028,0.48431,0.95584,0.008185,0.008185,0.008185
112,2633.98,0.92103,0.57272,0.96782,0.90028,0.81728,0.88798,0.64147,0.83401,0.48669,0.95175,0.0081685,0.0081685,0.0081685
113,2657.95,0.8988,0.57162,0.96359,0.84462,0.83328,0.87436,0.63497,0.83066,0.48553,0.95424,0.008152,0.008152,0.008152
114,2681.24,0.9142,0.56819,0.96468,0.89684,0.82272,0.87653,0.62638,0.83983,0.48708,0.95392,0.0081355,0.0081355,0.0081355
115,2704.63,0.90276,0.56724,0.96811,0.90778,0.80995,0.88597,0.63227,0.82557,0.48453,0.9476,0.008119,0.008119,0.008119
116,2727.93,0.89307,0.56247,0.9564,0.90161,0.82664,0.88272,0.63631,0.83018,0.4857,0.95196,0.0081025,0.0081025,0.0081025
117,2751.25,0.88952,0.55412,0.96947,0.89009,0.81194,0.87048,0.63446,0.83993,0.49168,0.95191,0.008086,0.008086,0.008086
118,2776.16,0.89459,0.55058,0.95632,0.85912,0.841,0.88583,0.63972,0.82251,0.48409,0.9481,0.0080695,0.0080695,0.0080695
119,2800.2,0.90776,0.56611,0.96575,0.90968,0.83704,0.88707,0.63487,0.82737,0.49543,0.95407,0.008053,0.008053,0.008053
120,2823.58,0.90502,0.55908,0.9696,0.89282,0.81079,0.87538,0.63312,0.82346,0.48642,0.95085,0.0080365,0.0080365,0.0080365
121,2847.01,0.91634,0.56968,0.96567,0.9194,0.80971,0.89249,0.64884,0.82117,0.48517,0.95414,0.00802,0.00802,0.00802
122,2870.54,0.89831,0.5634,0.96792,0.87117,0.82691,0.88295,0.63573,0.82235,0.48347,0.94832,0.0080035,0.0080035,0.0080035
123,2893.95,0.90062,0.5674,0.96036,0.91603,0.82652,0.88743,0.64334,0.81955,0.47466,0.95083,0.007987,0.007987,0.007987
124,2917.19,0.91782,0.56529,0.96651,0.91234,0.80523,0.87912,0.62713,0.81934,0.48352,0.95085,0.0079705,0.0079705,0.0079705
125,2940.74,0.91978,0.56003,0.97209,0.91654,0.83767,0.89135,0.64245,0.82247,0.48499,0.94784,0.007954,0.007954,0.007954
126,2964.17,0.87606,0.54749,0.95067,0.87929,0.84326,0.88531,0.64662,0.81745,0.48159,0.94571,0.0079375,0.0079375,0.0079375
127,2987.66,0.91904,0.57991,0.96396,0.91989,0.82628,0.88391,0.63629,0.82122,0.48612,0.94675,0.007921,0.007921,0.007921
128,3011.33,0.91034,0.57234,0.97109,0.89411,0.8312,0.88774,0.64402,0.81772,0.4891,0.94571,0.0079045,0.0079045,0.0079045
129,3034.77,0.89092,0.56098,0.95854,0.91327,0.82881,0.89504,0.65107,0.80383,0.47983,0.94301,0.007888,0.007888,0.007888
130,3058.16,0.89173,0.56868,0.95141,0.87886,0.79752,0.88568,0.63126,0.82514,0.48755,0.94876,0.0078715,0.0078715,0.0078715
131,3081.46,0.90407,0.56368,0.95224,0.88736,0.84215,0.89247,0.64002,0.82275,0.46805,0.95644,0.007855,0.007855,0.007855
132,3104.69,0.87571,0.55001,0.95324,0.84926,0.84451,0.8848,0.64547,0.8237,0.48443,0.95142,0.0078385,0.0078385,0.0078385
133,3128.08,0.86442,0.54793,0.95791,0.89597,0.82812,0.88539,0.63277,0.80819,0.47841,0.94331,0.007822,0.007822,0.007822
134,3151.55,0.9199,0.57316,0.97067,0.9174,0.82867,0.88945,0.64789,0.80845,0.47638,0.94116,0.0078055,0.0078055,0.0078055
135,3174.97,0.88768,0.55388,0.95957,0.92808,0.81449,0.89238,0.64416,0.81314,0.47675,0.94135,0.007789,0.007789,0.007789
136,3198.39,0.90188,0.55893,0.95877,0.91454,0.82526,0.88856,0.65102,0.81607,0.47903,0.93933,0.0077725,0.0077725,0.0077725
137,3221.9,0.89494,0.55315,0.95352,0.90166,0.83055,0.8853,0.64666,0.81726,0.48261,0.94548,0.007756,0.007756,0.007756
138,3245.13,0.90162,0.55696,0.96115,0.92086,0.83249,0.89567,0.64802,0.80906,0.47222,0.94127,0.0077395,0.0077395,0.0077395
139,3268.62,0.90173,0.55162,0.95818,0.89674,0.81964,0.87986,0.63847,0.82664,0.48094,0.94427,0.007723,0.007723,0.007723
140,3291.99,0.88013,0.5383,0.9469,0.8961,0.83663,0.88647,0.65028,0.81455,0.4692,0.9481,0.0077065,0.0077065,0.0077065
141,3315.29,0.89824,0.55189,0.95524,0.9049,0.80797,0.89166,0.64976,0.82725,0.47054,0.94378,0.00769,0.00769,0.00769
142,3338.45,0.92465,0.57226,0.97511,0.9078,0.83217,0.89659,0.65286,0.81763,0.47232,0.94196,0.0076735,0.0076735,0.0076735
143,3361.97,0.87952,0.56752,0.96413,0.87925,0.84908,0.8891,0.6454,0.81324,0.47028,0.94193,0.007657,0.007657,0.007657
144,3385.39,0.87183,0.55336,0.95797,0.90859,0.81168,0.89209,0.65103,0.80901,0.47373,0.94371,0.0076405,0.0076405,0.0076405
145,3408.82,0.86821,0.53707,0.95559,0.92903,0.82586,0.89708,0.6465,0.81077,0.47975,0.94044,0.007624,0.007624,0.007624
146,3432.19,0.9012,0.56601,0.9614,0.89443,0.84653,0.90124,0.65259,0.81597,0.47136,0.94399,0.0076075,0.0076075,0.0076075
147,3455.53,0.88934,0.54755,0.95352,0.90688,0.80563,0.89067,0.64675,0.79657,0.46604,0.93679,0.007591,0.007591,0.007591
148,3478.69,0.89907,0.54052,0.95494,0.86865,0.83302,0.88914,0.64498,0.80921,0.46543,0.94152,0.0075745,0.0075745,0.0075745
149,3502.27,0.84535,0.53859,0.94948,0.88872,0.83218,0.89205,0.65222,0.79851,0.46453,0.93922,0.007558,0.007558,0.007558
150,3525.79,0.87939,0.5488,0.94907,0.87725,0.83299,0.89121,0.65186,0.80942,0.46646,0.9422,0.0075415,0.0075415,0.0075415
151,3549.3,0.86717,0.53673,0.95178,0.87908,0.82629,0.89314,0.65302,0.80094,0.46325,0.9451,0.007525,0.007525,0.007525
152,3572.51,0.8852,0.55021,0.9497,0.91453,0.83795,0.89376,0.64646,0.80461,0.45019,0.9394,0.0075085,0.0075085,0.0075085
153,3595.98,0.88414,0.5306,0.97098,0.91275,0.82115,0.89317,0.65286,0.80669,0.46648,0.94311,0.007492,0.007492,0.007492
154,3619.78,0.88306,0.53843,0.96267,0.89682,0.83818,0.89745,0.66028,0.79991,0.45606,0.94002,0.0074755,0.0074755,0.0074755
155,3643.32,0.87992,0.53918,0.95485,0.9093,0.84495,0.8967,0.66347,0.79621,0.45134,0.94169,0.007459,0.007459,0.007459
156,3666.83,0.88699,0.53488,0.94388,0.90664,0.8445,0.89824,0.65902,0.81718,0.45458,0.94351,0.0074425,0.0074425,0.0074425
157,3690.3,0.85058,0.52522,0.95351,0.91129,0.83832,0.89599,0.65387,0.80891,0.45307,0.9408,0.007426,0.007426,0.007426
158,3713.72,0.87108,0.53622,0.95531,0.91983,0.81739,0.89007,0.65633,0.80049,0.45882,0.94243,0.0074095,0.0074095,0.0074095
159,3737.7,0.84813,0.52443,0.93793,0.91755,0.82974,0.89692,0.65309,0.81094,0.46088,0.94548,0.007393,0.007393,0.007393
160,3761.17,0.85607,0.5241,0.95164,0.91714,0.84033,0.90237,0.65104,0.80858,0.4603,0.9414,0.0073765,0.0073765,0.0073765
161,3784.55,0.849,0.5229,0.93225,0.92409,0.81747,0.89803,0.65655,0.7951,0.45298,0.93997,0.00736,0.00736,0.00736
162,3807.93,0.87271,0.53714,0.95067,0.90865,0.85815,0.90201,0.6594,0.8027,0.45162,0.93986,0.0073435,0.0073435,0.0073435
163,3831.25,0.87556,0.5263,0.94858,0.92496,0.82976,0.90142,0.65866,0.79431,0.46242,0.94024,0.007327,0.007327,0.007327
164,3854.64,0.88917,0.53814,0.95116,0.87778,0.85062,0.89091,0.65074,0.80017,0.45435,0.93726,0.0073105,0.0073105,0.0073105
165,3877.92,0.89257,0.5414,0.95322,0.896,0.83494,0.89635,0.64614,0.80599,0.45804,0.94111,0.007294,0.007294,0.007294
166,3900.9,0.87092,0.53344,0.9515,0.92279,0.84169,0.90188,0.65492,0.80263,0.45258,0.94194,0.0072775,0.0072775,0.0072775
167,3924.18,0.85394,0.52077,0.94967,0.8888,0.85022,0.90118,0.66289,0.79667,0.45822,0.93758,0.007261,0.007261,0.007261
168,3947.47,0.87952,0.52586,0.94784,0.92365,0.81458,0.89671,0.65648,0.80687,0.45802,0.94173,0.0072445,0.0072445,0.0072445
169,3971.14,0.86792,0.53037,0.94411,0.89775,0.85522,0.9075,0.65971,0.79878,0.44928,0.94039,0.007228,0.007228,0.007228
170,3994.65,0.87067,0.52659,0.94609,0.91274,0.84182,0.90285,0.66345,0.79438,0.45896,0.93629,0.0072115,0.0072115,0.0072115
171,4018.03,0.86528,0.5311,0.95459,0.89215,0.86267,0.90653,0.66145,0.80131,0.45676,0.93918,0.007195,0.007195,0.007195
172,4041.42,0.83989,0.52738,0.94846,0.91253,0.84744,0.89574,0.65345,0.78871,0.44982,0.93397,0.0071785,0.0071785,0.0071785
173,4064.75,0.88779,0.53506,0.95791,0.9044,0.85192,0.90706,0.66242,0.80594,0.45459,0.9346,0.007162,0.007162,0.007162
174,4088.15,0.8739,0.53908,0.93869,0.90959,0.86081,0.90844,0.66669,0.79177,0.44548,0.93487,0.0071455,0.0071455,0.0071455
175,4111.81,0.8723,0.5371,0.94404,0.90413,0.85259,0.90624,0.66476,0.79916,0.45439,0.93607,0.007129,0.007129,0.007129
176,4135.12,0.86026,0.52555,0.9478,0.92923,0.84185,0.9064,0.65206,0.80363,0.45105,0.93472,0.0071125,0.0071125,0.0071125
177,4158.62,0.87834,0.53689,0.94432,0.89989,0.86181,0.90756,0.65783,0.79512,0.44621,0.93754,0.007096,0.007096,0.007096
178,4182.04,0.86904,0.53751,0.94271,0.91662,0.8483,0.90184,0.65702,0.79459,0.4448,0.93486,0.0070795,0.0070795,0.0070795
179,4205.42,0.84593,0.51227,0.94049,0.92598,0.84405,0.90708,0.65999,0.79342,0.44997,0.93952,0.007063,0.007063,0.007063
180,4228.71,0.8432,0.52029,0.93492,0.90908,0.86006,0.90892,0.64938,0.79098,0.44338,0.93211,0.0070465,0.0070465,0.0070465
181,4252.17,0.86892,0.52143,0.94411,0.91539,0.83961,0.90706,0.65933,0.78942,0.44056,0.93334,0.00703,0.00703,0.00703
182,4275.53,0.84756,0.51491,0.94043,0.8937,0.85928,0.90322,0.66407,0.79628,0.4448,0.93977,0.0070135,0.0070135,0.0070135
183,4299.41,0.84689,0.52124,0.94116,0.90556,0.85665,0.90533,0.66466,0.79065,0.44347,0.93606,0.006997,0.006997,0.006997
184,4322.74,0.90247,0.53735,0.9564,0.92161,0.84449,0.90415,0.66184,0.7854,0.44876,0.93359,0.0069805,0.0069805,0.0069805
185,4346.09,0.83736,0.50903,0.94004,0.88659,0.85686,0.90156,0.66189,0.78905,0.43972,0.93748,0.006964,0.006964,0.006964
186,4369.34,0.85475,0.5225,0.94091,0.90154,0.83598,0.90208,0.65921,0.79795,0.44402,0.93327,0.0069475,0.0069475,0.0069475
187,4392.69,0.83458,0.51101,0.93703,0.9282,0.84206,0.90098,0.66063,0.7857,0.4375,0.93192,0.006931,0.006931,0.006931
188,4416.4,0.87632,0.52859,0.95459,0.91268,0.84678,0.89849,0.65593,0.79362,0.44434,0.93842,0.0069145,0.0069145,0.0069145
189,4439.75,0.8463,0.51679,0.94526,0.9074,0.84978,0.90855,0.6684,0.79577,0.44343,0.9354,0.006898,0.006898,0.006898
190,4463.15,0.87254,0.52321,0.94524,0.89816,0.84736,0.90992,0.67173,0.78068,0.44232,0.93084,0.0068815,0.0068815,0.0068815
191,4486.47,0.85882,0.52326,0.94565,0.91677,0.85783,0.90897,0.66275,0.77898,0.44081,0.92468,0.006865,0.006865,0.006865
192,4509.83,0.86008,0.51752,0.94703,0.91884,0.84824,0.91542,0.67104,0.77627,0.43767,0.92919,0.0068485,0.0068485,0.0068485
193,4533.43,0.84299,0.50657,0.94265,0.92903,0.82408,0.91302,0.66624,0.78808,0.44467,0.93636,0.006832,0.006832,0.006832
194,4556.8,0.84542,0.52675,0.93977,0.9363,0.83205,0.91533,0.67117,0.78717,0.43726,0.93241,0.0068155,0.0068155,0.0068155
195,4580.21,0.82297,0.5154,0.92932,0.91442,0.86402,0.913,0.6765,0.78946,0.43701,0.93432,0.006799,0.006799,0.006799
196,4603.77,0.85348,0.51845,0.94238,0.89695,0.87334,0.90916,0.66491,0.78782,0.44309,0.93177,0.0067825,0.0067825,0.0067825
197,4627.36,0.82668,0.51648,0.9377,0.88627,0.85687,0.90754,0.67265,0.77997,0.44006,0.93127,0.006766,0.006766,0.006766
198,4650.8,0.84412,0.51928,0.93654,0.90448,0.86245,0.90182,0.66058,0.78617,0.43943,0.93215,0.0067495,0.0067495,0.0067495
199,4674.07,0.85601,0.51157,0.9476,0.90756,0.86918,0.90967,0.66494,0.79252,0.44397,0.93588,0.006733,0.006733,0.006733
200,4697.39,0.83264,0.51408,0.94379,0.87074,0.8433,0.89848,0.66812,0.78381,0.44864,0.92897,0.0067165,0.0067165,0.0067165
201,4721.07,0.85164,0.51603,0.93628,0.92106,0.86091,0.90399,0.66205,0.7846,0.43574,0.93381,0.0067,0.0067,0.0067
202,4744.36,0.84199,0.50879,0.93694,0.90333,0.8664,0.9066,0.66175,0.78009,0.43054,0.92958,0.0066835,0.0066835,0.0066835
203,4767.24,0.81892,0.50814,0.9319,0.90419,0.85085,0.90152,0.65843,0.77787,0.44426,0.9302,0.006667,0.006667,0.006667
204,4791.32,0.83508,0.50838,0.94038,0.90088,0.86284,0.9098,0.66858,0.78167,0.44182,0.93232,0.0066505,0.0066505,0.0066505
205,4814.71,0.84002,0.50971,0.93111,0.90422,0.84442,0.91173,0.67742,0.78387,0.43513,0.93171,0.006634,0.006634,0.006634
206,4838.12,0.8539,0.51391,0.94493,0.92351,0.84174,0.91305,0.66485,0.77856,0.43187,0.93099,0.0066175,0.0066175,0.0066175
207,4861.47,0.84704,0.51152,0.9418,0.89221,0.86497,0.91223,0.66966,0.78384,0.42946,0.92902,0.006601,0.006601,0.006601
208,4884.84,0.84324,0.5115,0.94533,0.91697,0.83752,0.91,0.66645,0.77623,0.43523,0.93205,0.0065845,0.0065845,0.0065845
209,4907.97,0.8418,0.50314,0.94103,0.91793,0.85792,0.91263,0.67458,0.77828,0.42545,0.92941,0.006568,0.006568,0.006568
210,4931.24,0.83708,0.50864,0.93948,0.92971,0.86166,0.91246,0.67716,0.76852,0.43185,0.93007,0.0065515,0.0065515,0.0065515
211,4954.46,0.8448,0.50881,0.93771,0.91187,0.85578,0.90487,0.6663,0.77404,0.431,0.92591,0.006535,0.006535,0.006535
212,4977.8,0.84148,0.50183,0.93459,0.92174,0.8607,0.91391,0.66676,0.769,0.43604,0.92729,0.0065185,0.0065185,0.0065185
213,5001.25,0.80346,0.48808,0.92773,0.92193,0.82363,0.90518,0.67518,0.7743,0.4287,0.93312,0.006502,0.006502,0.006502
214,5024.72,0.84479,0.50522,0.95089,0.90898,0.86245,0.90659,0.65416,0.77361,0.43288,0.93029,0.0064855,0.0064855,0.0064855
215,5047.88,0.82005,0.49811,0.94065,0.92422,0.85211,0.90947,0.67498,0.77304,0.42817,0.93046,0.006469,0.006469,0.006469
216,5071.27,0.80025,0.48761,0.93061,0.91871,0.86475,0.91389,0.68574,0.76868,0.42405,0.92711,0.0064525,0.0064525,0.0064525
217,5094.97,0.85083,0.50752,0.93326,0.90516,0.85942,0.9136,0.67387,0.77941,0.42933,0.93228,0.006436,0.006436,0.006436
218,5118.54,0.83552,0.49481,0.94144,0.94117,0.85148,0.91182,0.67117,0.77406,0.42514,0.92896,0.0064195,0.0064195,0.0064195
219,5142,0.83217,0.50477,0.93722,0.92317,0.86439,0.90981,0.67095,0.77847,0.4287,0.93135,0.006403,0.006403,0.006403
220,5165.51,0.8415,0.50524,0.93939,0.92254,0.86541,0.91663,0.66596,0.7769,0.42919,0.93071,0.0063865,0.0063865,0.0063865
221,5188.97,0.84068,0.52109,0.93828,0.92955,0.86449,0.91545,0.6731,0.77619,0.43058,0.93031,0.00637,0.00637,0.00637
222,5212.37,0.8425,0.50968,0.94155,0.91109,0.86196,0.91703,0.67844,0.77654,0.44079,0.92933,0.0063535,0.0063535,0.0063535
223,5235.74,0.83048,0.50115,0.92938,0.92641,0.85885,0.91903,0.67368,0.7706,0.43391,0.9267,0.006337,0.006337,0.006337
224,5259.23,0.82892,0.49921,0.93502,0.92354,0.85877,0.91194,0.6721,0.76464,0.42809,0.92545,0.0063205,0.0063205,0.0063205
225,5282.54,0.7953,0.48132,0.9276,0.92932,0.86296,0.92061,0.67581,0.76376,0.42707,0.92381,0.006304,0.006304,0.006304
226,5305.74,0.82938,0.50084,0.95011,0.91205,0.86571,0.9122,0.67305,0.77195,0.42869,0.92524,0.0062875,0.0062875,0.0062875
227,5329.15,0.82663,0.50815,0.93398,0.90104,0.87057,0.91682,0.67483,0.76918,0.42008,0.92753,0.006271,0.006271,0.006271
228,5352.57,0.8361,0.50168,0.93863,0.92581,0.85956,0.91386,0.67731,0.7705,0.41828,0.9242,0.0062545,0.0062545,0.0062545
229,5376.1,0.82135,0.49012,0.9241,0.92801,0.87187,0.91577,0.67771,0.76965,0.4168,0.92885,0.006238,0.006238,0.006238
230,5399.42,0.85806,0.50545,0.93478,0.9204,0.8684,0.91466,0.68071,0.7602,0.41833,0.92562,0.0062215,0.0062215,0.0062215
231,5422.67,0.84468,0.50244,0.93218,0.90884,0.86513,0.91159,0.6788,0.76116,0.41766,0.92602,0.006205,0.006205,0.006205
232,5446.23,0.82352,0.495,0.93119,0.90521,0.87461,0.91713,0.67513,0.76389,0.42248,0.92579,0.0061885,0.0061885,0.0061885
233,5469.68,0.84159,0.4999,0.93179,0.91929,0.86273,0.91221,0.67164,0.75872,0.42288,0.9268,0.006172,0.006172,0.006172
234,5493.29,0.8176,0.50119,0.94532,0.90326,0.8694,0.91503,0.67997,0.76733,0.42646,0.92568,0.0061555,0.0061555,0.0061555
235,5516.74,0.84018,0.50392,0.9359,0.911,0.8573,0.91344,0.68157,0.76797,0.42554,0.92899,0.006139,0.006139,0.006139
236,5540.09,0.83133,0.49903,0.93046,0.91832,0.86675,0.91096,0.67866,0.76854,0.42286,0.9297,0.0061225,0.0061225,0.0061225
237,5563.43,0.81587,0.49155,0.93494,0.9293,0.85898,0.91716,0.68572,0.7661,0.42809,0.92589,0.006106,0.006106,0.006106
238,5586.83,0.81081,0.49467,0.92528,0.91402,0.86881,0.91232,0.68355,0.76584,0.4182,0.92644,0.0060895,0.0060895,0.0060895
239,5610.33,0.80512,0.48816,0.92962,0.91768,0.86717,0.90928,0.67364,0.76483,0.4184,0.92596,0.006073,0.006073,0.006073
240,5633.85,0.79847,0.49318,0.9274,0.91883,0.87492,0.91101,0.67973,0.76144,0.41832,0.92503,0.0060565,0.0060565,0.0060565
241,5657.77,0.79375,0.48753,0.92333,0.92275,0.86946,0.91742,0.68475,0.75565,0.41876,0.92281,0.00604,0.00604,0.00604
242,5681.1,0.83947,0.50106,0.9252,0.89865,0.86509,0.91288,0.67905,0.7583,0.41482,0.92662,0.0060235,0.0060235,0.0060235
243,5704.65,0.8072,0.48458,0.9327,0.93198,0.82549,0.91325,0.68252,0.76057,0.41109,0.92475,0.006007,0.006007,0.006007
244,5728.2,0.8355,0.49854,0.93179,0.90672,0.86575,0.91234,0.67529,0.76558,0.41778,0.9263,0.0059905,0.0059905,0.0059905
245,5751.57,0.80404,0.4829,0.9235,0.93527,0.83853,0.90936,0.68188,0.75354,0.41952,0.92284,0.005974,0.005974,0.005974
246,5775.02,0.8089,0.4885,0.92797,0.91517,0.86928,0.9128,0.67682,0.75821,0.42805,0.92373,0.0059575,0.0059575,0.0059575
247,5798.84,0.82562,0.48884,0.93638,0.91334,0.84791,0.9115,0.67275,0.75573,0.41755,0.92457,0.005941,0.005941,0.005941
248,5822.04,0.80646,0.48062,0.92724,0.91376,0.87443,0.91585,0.67817,0.75652,0.41486,0.92446,0.0059245,0.0059245,0.0059245
249,5846.13,0.8559,0.50453,0.95021,0.91439,0.84641,0.91679,0.68669,0.75687,0.42063,0.9245,0.005908,0.005908,0.005908
250,5869.78,0.83826,0.48885,0.92422,0.90614,0.87608,0.91414,0.68221,0.75972,0.42014,0.92466,0.0058915,0.0058915,0.0058915
251,5893.4,0.79588,0.47895,0.9273,0.90505,0.87475,0.9097,0.67531,0.75502,0.41475,0.92299,0.005875,0.005875,0.005875
252,5916.7,0.79765,0.48525,0.92308,0.92741,0.87332,0.91659,0.68629,0.75745,0.41676,0.92675,0.0058585,0.0058585,0.0058585
253,5940.04,0.81913,0.48554,0.92992,0.9192,0.87643,0.92141,0.69638,0.75225,0.41524,0.92395,0.005842,0.005842,0.005842
254,5963.31,0.81455,0.48005,0.92482,0.90149,0.87645,0.91783,0.68251,0.75794,0.41543,0.92786,0.0058255,0.0058255,0.0058255
255,5986.71,0.80883,0.4922,0.92464,0.90197,0.87422,0.91229,0.67655,0.75738,0.41843,0.92581,0.005809,0.005809,0.005809
256,6009.9,0.82209,0.48502,0.93408,0.91647,0.87003,0.91424,0.68603,0.75762,0.41209,0.92473,0.0057925,0.0057925,0.0057925
257,6033.23,0.80984,0.48077,0.9263,0.91115,0.87589,0.91274,0.68304,0.7563,0.41538,0.92495,0.005776,0.005776,0.005776
258,6056.71,0.79981,0.48011,0.92638,0.93327,0.86019,0.91803,0.6879,0.7477,0.41138,0.92185,0.0057595,0.0057595,0.0057595
259,6080.38,0.8232,0.49293,0.92888,0.92383,0.86807,0.91573,0.67969,0.75247,0.41587,0.92223,0.005743,0.005743,0.005743
260,6103.71,0.80934,0.49373,0.92885,0.88362,0.8733,0.91394,0.68436,0.74764,0.40899,0.92249,0.0057265,0.0057265,0.0057265
261,6127.07,0.79957,0.47096,0.92309,0.89477,0.87584,0.91191,0.68441,0.7544,0.40715,0.92478,0.00571,0.00571,0.00571
262,6152.17,0.77556,0.46829,0.91959,0.90083,0.87047,0.91316,0.68941,0.74918,0.40722,0.92397,0.0056935,0.0056935,0.0056935
263,6175.56,0.81415,0.48889,0.92742,0.88654,0.87621,0.91321,0.69421,0.74728,0.41075,0.92084,0.005677,0.005677,0.005677
264,6199.37,0.84376,0.49464,0.92701,0.90159,0.87901,0.9179,0.68454,0.74838,0.40963,0.9235,0.0056605,0.0056605,0.0056605
265,6222.68,0.79059,0.47929,0.91244,0.91224,0.88717,0.92022,0.6891,0.74894,0.40592,0.92244,0.005644,0.005644,0.005644
266,6245.9,0.82849,0.48368,0.93452,0.91529,0.88448,0.92436,0.69405,0.74281,0.41023,0.92357,0.0056275,0.0056275,0.0056275
267,6269.11,0.77178,0.48026,0.91404,0.90051,0.87503,0.91944,0.68752,0.75265,0.41124,0.92439,0.005611,0.005611,0.005611
268,6292.52,0.80669,0.48056,0.92901,0.9295,0.87441,0.91667,0.68399,0.7518,0.40716,0.9237,0.0055945,0.0055945,0.0055945
269,6315.85,0.80376,0.46929,0.93098,0.91903,0.8724,0.918,0.69111,0.7434,0.404,0.92156,0.005578,0.005578,0.005578
270,6339.15,0.79427,0.47581,0.91888,0.90813,0.87348,0.92172,0.68721,0.7496,0.40213,0.92226,0.0055615,0.0055615,0.0055615
271,6362.53,0.81511,0.48141,0.92207,0.91417,0.87508,0.91959,0.67949,0.7447,0.40632,0.92229,0.005545,0.005545,0.005545
272,6386.71,0.82968,0.48092,0.92948,0.92775,0.86466,0.92054,0.68829,0.7447,0.40884,0.91954,0.0055285,0.0055285,0.0055285
273,6410.18,0.80429,0.48519,0.9256,0.91985,0.87795,0.92099,0.68428,0.7445,0.40927,0.91861,0.005512,0.005512,0.005512
274,6433.68,0.81808,0.47973,0.9335,0.92426,0.87258,0.91896,0.68767,0.74987,0.40617,0.92216,0.0054955,0.0054955,0.0054955
275,6457.08,0.78821,0.46928,0.92405,0.92117,0.87816,0.91929,0.68928,0.74467,0.40455,0.92048,0.005479,0.005479,0.005479
276,6480.55,0.83175,0.49227,0.92983,0.92908,0.87166,0.92262,0.69196,0.748,0.41055,0.92318,0.0054625,0.0054625,0.0054625
277,6504,0.808,0.4804,0.92398,0.93485,0.85951,0.91842,0.68603,0.74628,0.41202,0.92255,0.005446,0.005446,0.005446
278,6527.49,0.76985,0.47602,0.91568,0.93953,0.87046,0.92059,0.68754,0.74719,0.41208,0.92048,0.0054295,0.0054295,0.0054295
279,6550.86,0.82061,0.48715,0.92643,0.92282,0.84653,0.91912,0.69114,0.74286,0.40623,0.92186,0.005413,0.005413,0.005413
280,6573.96,0.79721,0.47257,0.92073,0.9142,0.87248,0.91843,0.69134,0.74459,0.40354,0.92058,0.0053965,0.0053965,0.0053965
281,6597.25,0.82343,0.47688,0.93855,0.92605,0.86576,0.91758,0.68633,0.74914,0.40494,0.9226,0.00538,0.00538,0.00538
282,6620.42,0.7924,0.46594,0.92232,0.92628,0.86613,0.921,0.6909,0.74226,0.40773,0.92035,0.0053635,0.0053635,0.0053635
283,6643.79,0.80835,0.48313,0.93219,0.91877,0.88484,0.92185,0.69114,0.73898,0.40674,0.91801,0.005347,0.005347,0.005347
284,6667.2,0.81734,0.48034,0.92935,0.91833,0.87585,0.92153,0.6915,0.73842,0.40226,0.92176,0.0053305,0.0053305,0.0053305
285,6690.48,0.77304,0.46439,0.92716,0.93097,0.86584,0.92045,0.69388,0.74052,0.40436,0.91989,0.005314,0.005314,0.005314
286,6713.71,0.80923,0.49227,0.92988,0.92034,0.8758,0.92148,0.6889,0.74461,0.40188,0.91903,0.0052975,0.0052975,0.0052975
287,6737.71,0.80648,0.47925,0.9149,0.9186,0.88064,0.92348,0.69058,0.74877,0.40756,0.92083,0.005281,0.005281,0.005281
288,6761.01,0.79489,0.46716,0.92093,0.92863,0.87158,0.92274,0.69236,0.75044,0.40543,0.92032,0.0052645,0.0052645,0.0052645
289,6784.46,0.79073,0.47512,0.9286,0.92017,0.87877,0.92301,0.69596,0.74544,0.40342,0.92027,0.005248,0.005248,0.005248
290,6807.83,0.79092,0.47934,0.91385,0.91497,0.87489,0.9222,0.69809,0.74571,0.3981,0.92134,0.0052315,0.0052315,0.0052315
291,6830.89,0.77807,0.46731,0.92329,0.92326,0.87457,0.91954,0.68843,0.74735,0.40241,0.92043,0.005215,0.005215,0.005215
292,6854.59,0.81398,0.47633,0.92554,0.91311,0.87541,0.91697,0.69399,0.74075,0.40225,0.92056,0.0051985,0.0051985,0.0051985
293,6878.19,0.76711,0.4636,0.92186,0.92886,0.86226,0.91532,0.69212,0.73829,0.40226,0.91853,0.005182,0.005182,0.005182
294,6901.41,0.83005,0.487,0.92604,0.91572,0.87702,0.91858,0.69003,0.74151,0.40023,0.91921,0.0051655,0.0051655,0.0051655
295,6924.72,0.80067,0.47935,0.92196,0.93037,0.85763,0.91545,0.68892,0.73785,0.39992,0.91745,0.005149,0.005149,0.005149
296,6948.07,0.81235,0.47777,0.92635,0.91687,0.87578,0.92024,0.69104,0.74172,0.40249,0.92039,0.0051325,0.0051325,0.0051325
297,6971.41,0.81428,0.48089,0.92231,0.90656,0.8761,0.91557,0.69496,0.74324,0.40514,0.92215,0.005116,0.005116,0.005116
298,6994.79,0.79454,0.46793,0.92865,0.92322,0.87918,0.91976,0.68969,0.74626,0.40239,0.92074,0.0050995,0.0050995,0.0050995
299,7018.29,0.80031,0.48153,0.92782,0.91411,0.88114,0.9162,0.68474,0.74345,0.40402,0.91835,0.005083,0.005083,0.005083
300,7041.68,0.7802,0.47099,0.91844,0.92302,0.86846,0.91943,0.69188,0.73796,0.40378,0.91757,0.0050665,0.0050665,0.0050665
301,7065,0.79013,0.4687,0.91446,0.92338,0.87597,0.92383,0.69134,0.73847,0.4006,0.91678,0.00505,0.00505,0.00505
302,7089.25,0.78119,0.45957,0.91398,0.91915,0.87408,0.92212,0.69442,0.74127,0.40078,0.92077,0.0050335,0.0050335,0.0050335
303,7112.77,0.83212,0.49197,0.93583,0.91986,0.87926,0.9252,0.69497,0.74014,0.39715,0.91835,0.005017,0.005017,0.005017
304,7136.14,0.8092,0.47658,0.92714,0.91712,0.87783,0.92257,0.68819,0.73949,0.40078,0.91925,0.0050005,0.0050005,0.0050005
305,7159.71,0.8044,0.48132,0.93332,0.9257,0.87122,0.92488,0.68595,0.73931,0.39986,0.9181,0.004984,0.004984,0.004984
306,7183.14,0.80501,0.4792,0.92905,0.93672,0.86563,0.92151,0.68699,0.74523,0.40352,0.91846,0.0049675,0.0049675,0.0049675
307,7206.62,0.79084,0.46733,0.91885,0.91786,0.87375,0.92484,0.69236,0.74333,0.39865,0.91591,0.004951,0.004951,0.004951
308,7229.8,0.77959,0.46881,0.91563,0.92454,0.86875,0.92599,0.69347,0.74062,0.4017,0.91538,0.0049345,0.0049345,0.0049345
309,7253.25,0.78427,0.46686,0.91186,0.91562,0.87969,0.92606,0.68842,0.74457,0.39882,0.91882,0.004918,0.004918,0.004918
310,7276.71,0.80173,0.46812,0.93029,0.93512,0.8625,0.92624,0.69458,0.73975,0.39411,0.91694,0.0049015,0.0049015,0.0049015
311,7300.86,0.78471,0.46563,0.92519,0.92331,0.86729,0.92424,0.69293,0.74231,0.39468,0.91628,0.004885,0.004885,0.004885
312,7323.9,0.81478,0.46878,0.92654,0.90695,0.8781,0.92535,0.70127,0.74074,0.39662,0.91683,0.0048685,0.0048685,0.0048685
313,7347.2,0.77604,0.46717,0.91522,0.89663,0.88406,0.9234,0.69739,0.73593,0.39768,0.9154,0.004852,0.004852,0.004852
314,7370.58,0.78181,0.46727,0.91781,0.93469,0.85201,0.92397,0.69431,0.74082,0.39636,0.91543,0.0048355,0.0048355,0.0048355
315,7394.05,0.79665,0.47096,0.93066,0.92733,0.84498,0.92124,0.69345,0.74364,0.40111,0.91484,0.004819,0.004819,0.004819
316,7417.48,0.79382,0.46439,0.91577,0.90779,0.88028,0.92434,0.69526,0.73453,0.39255,0.91455,0.0048025,0.0048025,0.0048025
317,7441.75,0.76076,0.45987,0.91474,0.9128,0.88448,0.92158,0.69354,0.73485,0.39429,0.91546,0.004786,0.004786,0.004786
318,7464.96,0.79869,0.45881,0.93136,0.93526,0.86433,0.92275,0.69577,0.73481,0.39848,0.91743,0.0047695,0.0047695,0.0047695
319,7488.31,0.78897,0.46329,0.93012,0.93242,0.85977,0.92104,0.69167,0.74042,0.3985,0.91596,0.004753,0.004753,0.004753
320,7511.68,0.78068,0.45696,0.91323,0.91515,0.86934,0.92296,0.69259,0.73993,0.39537,0.91462,0.0047365,0.0047365,0.0047365
321,7534.96,0.8027,0.46888,0.92084,0.93387,0.86112,0.91988,0.6915,0.7408,0.39594,0.91599,0.00472,0.00472,0.00472
322,7558.26,0.81401,0.47936,0.92342,0.93355,0.85977,0.92311,0.69929,0.73675,0.39036,0.91569,0.0047035,0.0047035,0.0047035
323,7581.56,0.7931,0.46216,0.92704,0.91965,0.86845,0.92058,0.69552,0.73756,0.393,0.91638,0.004687,0.004687,0.004687
324,7604.92,0.76228,0.45133,0.91231,0.92709,0.86684,0.92466,0.69624,0.7396,0.39255,0.91769,0.0046705,0.0046705,0.0046705
325,7628.16,0.76716,0.44738,0.91098,0.93438,0.86432,0.92318,0.69779,0.73749,0.39069,0.91844,0.004654,0.004654,0.004654
326,7651.75,0.78977,0.45954,0.91782,0.93619,0.86728,0.92343,0.69312,0.73812,0.39139,0.91706,0.0046375,0.0046375,0.0046375
327,7675.09,0.7742,0.4527,0.91399,0.93259,0.86813,0.92493,0.69907,0.73715,0.39615,0.91654,0.004621,0.004621,0.004621
328,7698.61,0.80055,0.46521,0.92064,0.93241,0.86936,0.92395,0.70054,0.73714,0.3931,0.91683,0.0046045,0.0046045,0.0046045
329,7721.94,0.78216,0.4603,0.91052,0.92761,0.87449,0.92598,0.69963,0.73441,0.39121,0.91821,0.004588,0.004588,0.004588
330,7745.29,0.77484,0.45253,0.9119,0.93285,0.8721,0.9247,0.69983,0.73672,0.3899,0.91714,0.0045715,0.0045715,0.0045715
331,7768.77,0.79377,0.45864,0.91673,0.92526,0.87485,0.92517,0.70164,0.73585,0.38598,0.91761,0.004555,0.004555,0.004555
332,7792.25,0.76602,0.46338,0.91965,0.92796,0.87509,0.92528,0.70296,0.73793,0.39154,0.91949,0.0045385,0.0045385,0.0045385
333,7815.83,0.78432,0.46257,0.92376,0.91789,0.86923,0.92379,0.70311,0.73287,0.3908,0.91557,0.004522,0.004522,0.004522
334,7839.29,0.78927,0.4531,0.92572,0.92437,0.87157,0.92419,0.70241,0.72869,0.3915,0.91622,0.0045055,0.0045055,0.0045055
335,7862.78,0.78691,0.46429,0.92097,0.92248,0.87229,0.92559,0.70806,0.72606,0.38915,0.91505,0.004489,0.004489,0.004489
336,7886.1,0.7875,0.45903,0.91492,0.93644,0.86549,0.92031,0.70214,0.72605,0.39144,0.9142,0.0044725,0.0044725,0.0044725
337,7909.32,0.77643,0.45906,0.90956,0.93126,0.86765,0.9249,0.70379,0.72865,0.38951,0.91348,0.004456,0.004456,0.004456
338,7932.86,0.79247,0.46272,0.92636,0.90857,0.88887,0.92626,0.70385,0.72914,0.38926,0.91393,0.0044395,0.0044395,0.0044395
339,7956.23,0.75073,0.44039,0.90245,0.91595,0.88038,0.92509,0.70156,0.72668,0.38519,0.91362,0.004423,0.004423,0.004423
340,7979.59,0.76504,0.45246,0.90994,0.91972,0.88093,0.92641,0.70276,0.73048,0.39012,0.91429,0.0044065,0.0044065,0.0044065
341,8003.77,0.76071,0.44971,0.91102,0.93827,0.86323,0.92474,0.70476,0.72921,0.39055,0.91493,0.00439,0.00439,0.00439
342,8027.19,0.78092,0.45853,0.92127,0.9299,0.87352,0.92401,0.70506,0.72586,0.39264,0.91482,0.0043735,0.0043735,0.0043735
343,8050.57,0.76109,0.45406,0.91156,0.93421,0.86592,0.9277,0.70563,0.72671,0.38637,0.91339,0.004357,0.004357,0.004357
344,8073.92,0.75226,0.43959,0.91458,0.93411,0.86353,0.92569,0.70201,0.72821,0.3863,0.9131,0.0043405,0.0043405,0.0043405
345,8097.43,0.79405,0.45674,0.92321,0.94019,0.87113,0.9261,0.70297,0.72965,0.38788,0.91231,0.004324,0.004324,0.004324
346,8120.71,0.76032,0.44617,0.9061,0.92489,0.87882,0.92651,0.70494,0.72901,0.38838,0.91386,0.0043075,0.0043075,0.0043075
347,8144.64,0.75219,0.4448,0.91224,0.92783,0.87266,0.92485,0.70451,0.72635,0.38732,0.91109,0.004291,0.004291,0.004291
348,8168.18,0.77727,0.45671,0.90633,0.92943,0.87143,0.92454,0.70105,0.726,0.38794,0.91246,0.0042745,0.0042745,0.0042745
349,8191.24,0.78881,0.45659,0.92885,0.93545,0.86564,0.92379,0.70195,0.72833,0.38973,0.91475,0.004258,0.004258,0.004258
350,8214.55,0.77786,0.46369,0.91377,0.90768,0.8946,0.92081,0.69614,0.73123,0.3913,0.91645,0.0042415,0.0042415,0.0042415
351,8238.28,0.77322,0.45083,0.90989,0.93184,0.88186,0.92548,0.69912,0.7278,0.38697,0.91563,0.004225,0.004225,0.004225
352,8261.72,0.78221,0.4648,0.91927,0.92469,0.88211,0.92588,0.69783,0.72703,0.38599,0.91464,0.0042085,0.0042085,0.0042085
353,8285.01,0.74817,0.44446,0.91183,0.9128,0.88112,0.92712,0.70584,0.7291,0.38454,0.91653,0.004192,0.004192,0.004192
354,8308.53,0.78206,0.45789,0.9255,0.92288,0.87899,0.92533,0.70654,0.7305,0.38708,0.91602,0.0041755,0.0041755,0.0041755
355,8331.85,0.76711,0.4527,0.91397,0.91374,0.89167,0.92541,0.70698,0.7289,0.38907,0.91516,0.004159,0.004159,0.004159
356,8355.39,0.7666,0.44229,0.91651,0.9156,0.89723,0.92645,0.70227,0.73088,0.38783,0.91388,0.0041425,0.0041425,0.0041425
357,8378.88,0.79309,0.46003,0.91663,0.93265,0.87942,0.92883,0.70138,0.73116,0.38273,0.91542,0.004126,0.004126,0.004126
358,8402.37,0.75429,0.44907,0.9077,0.92817,0.88795,0.92931,0.70416,0.7313,0.38356,0.91596,0.0041095,0.0041095,0.0041095
359,8425.81,0.77465,0.44899,0.9212,0.92264,0.88591,0.92774,0.70548,0.73015,0.38401,0.91801,0.004093,0.004093,0.004093
360,8449.26,0.76475,0.45177,0.91706,0.91778,0.89016,0.92644,0.70728,0.72754,0.38453,0.91483,0.0040765,0.0040765,0.0040765
361,8472.57,0.78681,0.46174,0.92511,0.92706,0.88136,0.92618,0.70585,0.72582,0.38402,0.91404,0.00406,0.00406,0.00406
362,8496.05,0.78738,0.46324,0.91082,0.92336,0.87583,0.92511,0.70712,0.72542,0.38558,0.91397,0.0040435,0.0040435,0.0040435
363,8519.54,0.75729,0.44409,0.9185,0.93426,0.87006,0.92718,0.70344,0.72746,0.38686,0.91387,0.004027,0.004027,0.004027
364,8542.85,0.77298,0.45477,0.91777,0.93129,0.87718,0.92711,0.70486,0.72501,0.38571,0.91228,0.0040105,0.0040105,0.0040105
365,8565.94,0.78061,0.45612,0.90371,0.92035,0.88458,0.92592,0.70547,0.72292,0.3845,0.91268,0.003994,0.003994,0.003994
366,8589.13,0.74547,0.43422,0.90498,0.92942,0.87788,0.92687,0.70451,0.72871,0.3843,0.91515,0.0039775,0.0039775,0.0039775
367,8612.55,0.769,0.44736,0.90793,0.93409,0.87184,0.92656,0.70503,0.72667,0.38424,0.91458,0.003961,0.003961,0.003961
368,8636.05,0.78465,0.46035,0.91387,0.9287,0.87005,0.92463,0.70185,0.72705,0.38671,0.91365,0.0039445,0.0039445,0.0039445
369,8660.09,0.76304,0.44427,0.90846,0.9347,0.86812,0.92417,0.7051,0.72421,0.38739,0.91427,0.003928,0.003928,0.003928
370,8684.15,0.75572,0.43809,0.91314,0.9253,0.87556,0.92242,0.6998,0.72533,0.3859,0.91131,0.0039115,0.0039115,0.0039115
371,8707.53,0.75534,0.43566,0.9121,0.9322,0.8804,0.92275,0.70242,0.72533,0.38635,0.91338,0.003895,0.003895,0.003895
372,8731.04,0.77349,0.44718,0.91642,0.92082,0.88839,0.92283,0.70519,0.72703,0.38636,0.91459,0.0038785,0.0038785,0.0038785
373,8754.21,0.7529,0.44359,0.91497,0.91831,0.8942,0.92372,0.70072,0.73091,0.38919,0.91587,0.003862,0.003862,0.003862
374,8777.91,0.76067,0.45354,0.91049,0.92613,0.8818,0.9241,0.70313,0.72459,0.38653,0.91518,0.0038455,0.0038455,0.0038455
375,8801.23,0.75643,0.4401,0.90926,0.93839,0.86494,0.92237,0.70066,0.72585,0.38446,0.91662,0.003829,0.003829,0.003829
376,8824.46,0.77605,0.44774,0.92398,0.9312,0.86894,0.92035,0.69767,0.72763,0.38328,0.91566,0.0038125,0.0038125,0.0038125
377,8848.05,0.77599,0.45201,0.91606,0.90992,0.88909,0.92156,0.70295,0.72813,0.3874,0.91346,0.003796,0.003796,0.003796
378,8871.53,0.75204,0.44763,0.90783,0.90263,0.88987,0.9194,0.70194,0.72522,0.38869,0.91302,0.0037795,0.0037795,0.0037795
379,8895.49,0.78689,0.45323,0.92183,0.90701,0.89904,0.92066,0.70635,0.72391,0.38749,0.91229,0.003763,0.003763,0.003763
380,8919.13,0.75205,0.44781,0.91213,0.92665,0.86929,0.92084,0.70547,0.72391,0.38458,0.91337,0.0037465,0.0037465,0.0037465
381,8942.48,0.77075,0.43922,0.91274,0.92286,0.87386,0.9242,0.70248,0.72486,0.38411,0.91393,0.00373,0.00373,0.00373
382,8966,0.72665,0.42681,0.89721,0.92557,0.87339,0.92477,0.70552,0.7261,0.38565,0.91318,0.0037135,0.0037135,0.0037135
383,8989.44,0.77358,0.45743,0.91937,0.92198,0.88036,0.92625,0.7017,0.7287,0.38709,0.91197,0.003697,0.003697,0.003697
384,9012.63,0.77491,0.45037,0.9124,0.92367,0.87655,0.92635,0.70402,0.72585,0.38523,0.91233,0.0036805,0.0036805,0.0036805
385,9036.02,0.76978,0.44891,0.91259,0.92118,0.87613,0.92571,0.70598,0.72421,0.38059,0.91239,0.003664,0.003664,0.003664
386,9059.26,0.7682,0.44126,0.91059,0.92008,0.88347,0.926,0.70887,0.72612,0.38228,0.91375,0.0036475,0.0036475,0.0036475
387,9082.62,0.76702,0.43941,0.91219,0.92739,0.88043,0.92468,0.70693,0.72341,0.38406,0.91361,0.003631,0.003631,0.003631
388,9105.97,0.75946,0.44145,0.91811,0.9248,0.8825,0.92521,0.70524,0.72427,0.38356,0.91058,0.0036145,0.0036145,0.0036145
389,9129.41,0.77493,0.44917,0.91596,0.93037,0.87841,0.92387,0.70363,0.71933,0.38317,0.90835,0.003598,0.003598,0.003598
390,9152.77,0.7518,0.45011,0.90965,0.91771,0.89001,0.92439,0.70296,0.71846,0.3855,0.90821,0.0035815,0.0035815,0.0035815
391,9176.23,0.75594,0.44608,0.90931,0.91679,0.89258,0.92464,0.70445,0.72068,0.38678,0.90902,0.003565,0.003565,0.003565
392,9199.91,0.73908,0.43179,0.90453,0.91989,0.89169,0.92463,0.69988,0.72011,0.38424,0.91158,0.0035485,0.0035485,0.0035485
393,9223.32,0.75246,0.45355,0.91051,0.91882,0.89227,0.92628,0.69955,0.71971,0.38266,0.91215,0.003532,0.003532,0.003532
394,9247.34,0.7763,0.45735,0.91371,0.92739,0.88231,0.92644,0.69947,0.71729,0.38287,0.91132,0.0035155,0.0035155,0.0035155
395,9270.66,0.74675,0.43583,0.89806,0.91857,0.89232,0.92564,0.70322,0.71958,0.38173,0.91194,0.003499,0.003499,0.003499
396,9293.95,0.75102,0.43886,0.9006,0.92073,0.88657,0.92403,0.70457,0.72057,0.38489,0.91227,0.0034825,0.0034825,0.0034825
397,9317.01,0.76584,0.43733,0.91477,0.92763,0.87701,0.92427,0.7064,0.72209,0.38395,0.91249,0.003466,0.003466,0.003466
398,9340.4,0.74699,0.43601,0.90672,0.92964,0.87926,0.92598,0.70871,0.71992,0.38425,0.91076,0.0034495,0.0034495,0.0034495
399,9363.96,0.78188,0.45226,0.91796,0.91603,0.88695,0.92658,0.70649,0.71999,0.38716,0.91208,0.003433,0.003433,0.003433
400,9388.09,0.75912,0.43951,0.90878,0.92552,0.88122,0.92355,0.70382,0.72006,0.38613,0.91247,0.0034165,0.0034165,0.0034165
401,9411.52,0.74699,0.44159,0.91348,0.93054,0.87566,0.92404,0.70498,0.71893,0.38438,0.91114,0.0034,0.0034,0.0034
402,9435.04,0.74752,0.43211,0.90161,0.92442,0.87394,0.92326,0.70451,0.71868,0.38498,0.91109,0.0033835,0.0033835,0.0033835
403,9458.4,0.75511,0.43899,0.9037,0.92989,0.87398,0.92594,0.706,0.71699,0.38217,0.91056,0.003367,0.003367,0.003367
404,9481.54,0.74778,0.44204,0.89593,0.93235,0.88273,0.92749,0.711,0.71775,0.38222,0.90935,0.0033505,0.0033505,0.0033505
405,9505.02,0.776,0.44714,0.9104,0.93211,0.87929,0.92823,0.71326,0.71837,0.38063,0.91062,0.003334,0.003334,0.003334
406,9528.34,0.75814,0.43571,0.90138,0.93532,0.87705,0.92784,0.71028,0.72022,0.37844,0.91009,0.0033175,0.0033175,0.0033175
407,9551.95,0.76762,0.44454,0.90377,0.931,0.88011,0.9274,0.71104,0.72239,0.38089,0.91116,0.003301,0.003301,0.003301
408,9575.06,0.73413,0.43814,0.90605,0.9246,0.88227,0.92527,0.70812,0.72376,0.38067,0.91249,0.0032845,0.0032845,0.0032845
409,9598.25,0.71998,0.42385,0.90279,0.91677,0.88108,0.92611,0.70617,0.72338,0.38085,0.91118,0.003268,0.003268,0.003268
410,9621.66,0.75732,0.43963,0.9116,0.91616,0.89136,0.92618,0.70897,0.72096,0.37865,0.91026,0.0032515,0.0032515,0.0032515
411,9644.96,0.73674,0.43845,0.90728,0.92042,0.89371,0.92612,0.7077,0.71973,0.37813,0.91027,0.003235,0.003235,0.003235
412,9668.26,0.7663,0.44468,0.91648,0.9276,0.88671,0.92667,0.71032,0.71821,0.37828,0.91102,0.0032185,0.0032185,0.0032185
413,9691.67,0.73678,0.43683,0.90917,0.92721,0.88964,0.92691,0.71156,0.71656,0.37789,0.91106,0.003202,0.003202,0.003202
414,9715.12,0.74834,0.43429,0.91568,0.92498,0.88487,0.92672,0.71233,0.71477,0.37973,0.91066,0.0031855,0.0031855,0.0031855
415,9739.11,0.75712,0.44798,0.90509,0.9163,0.88773,0.92552,0.70961,0.71282,0.3792,0.90988,0.003169,0.003169,0.003169
416,9762.3,0.74959,0.43401,0.90306,0.93373,0.87614,0.92632,0.70909,0.71306,0.37726,0.90864,0.0031525,0.0031525,0.0031525
417,9785.61,0.7679,0.43472,0.90848,0.92431,0.88221,0.92694,0.70836,0.71558,0.37567,0.90935,0.003136,0.003136,0.003136
418,9809.01,0.76425,0.4466,0.90042,0.92034,0.88666,0.9275,0.71254,0.71542,0.37832,0.90876,0.0031195,0.0031195,0.0031195
419,9832.21,0.74848,0.43743,0.90715,0.92984,0.87929,0.92645,0.70871,0.71828,0.3785,0.90929,0.003103,0.003103,0.003103
420,9855.69,0.7364,0.43445,0.90532,0.91015,0.89298,0.9263,0.7094,0.71829,0.38048,0.90963,0.0030865,0.0030865,0.0030865
421,9879.09,0.74709,0.43958,0.90372,0.91133,0.89395,0.92742,0.70577,0.716,0.38104,0.90919,0.00307,0.00307,0.00307
422,9903.18,0.76382,0.44346,0.90821,0.9157,0.89127,0.92734,0.70843,0.71456,0.38167,0.90926,0.0030535,0.0030535,0.0030535
423,9926.59,0.7409,0.43673,0.91036,0.90984,0.89615,0.92652,0.71167,0.71353,0.38141,0.90832,0.003037,0.003037,0.003037
424,9949.99,0.73695,0.42686,0.90356,0.90508,0.8993,0.92464,0.70943,0.71317,0.38122,0.90885,0.0030205,0.0030205,0.0030205
425,9973.37,0.76137,0.43232,0.90361,0.91858,0.89063,0.92534,0.70956,0.71237,0.37895,0.9089,0.003004,0.003004,0.003004
426,9996.77,0.73026,0.43907,0.9108,0.9248,0.88812,0.92669,0.71181,0.71156,0.37799,0.90895,0.0029875,0.0029875,0.0029875
427,10020.5,0.73654,0.43192,0.90034,0.91944,0.89133,0.92837,0.71174,0.71148,0.37671,0.90962,0.002971,0.002971,0.002971
428,10043.7,0.74866,0.43427,0.89905,0.92073,0.88612,0.92904,0.71246,0.71386,0.37788,0.91002,0.0029545,0.0029545,0.0029545
429,10067,0.74052,0.44321,0.90519,0.91746,0.89423,0.92972,0.71063,0.71313,0.37627,0.90889,0.002938,0.002938,0.002938
430,10090.7,0.74328,0.43337,0.90752,0.92396,0.89232,0.93029,0.71164,0.71247,0.3765,0.90803,0.0029215,0.0029215,0.0029215
431,10114.2,0.75186,0.43285,0.90525,0.92568,0.88476,0.92836,0.71048,0.71276,0.37652,0.90802,0.002905,0.002905,0.002905
432,10137.5,0.72128,0.41796,0.90163,0.92525,0.88709,0.92903,0.71223,0.71104,0.37588,0.90781,0.0028885,0.0028885,0.0028885
433,10160.9,0.75526,0.43581,0.90217,0.93949,0.87021,0.92766,0.70933,0.71197,0.37608,0.90792,0.002872,0.002872,0.002872
434,10184.3,0.74046,0.42854,0.90253,0.93428,0.87568,0.92674,0.70726,0.71669,0.37726,0.90859,0.0028555,0.0028555,0.0028555
435,10207.8,0.76412,0.44141,0.91125,0.93712,0.8704,0.92677,0.70903,0.71468,0.37816,0.90822,0.002839,0.002839,0.002839
436,10231.3,0.73469,0.42338,0.90037,0.90112,0.90469,0.92732,0.7087,0.71691,0.37846,0.90852,0.0028225,0.0028225,0.0028225
437,10255.5,0.74816,0.43715,0.90847,0.91203,0.89091,0.92782,0.71098,0.71621,0.37648,0.90891,0.002806,0.002806,0.002806
438,10278.8,0.73411,0.42868,0.91423,0.90972,0.89109,0.92569,0.71076,0.712,0.38008,0.9083,0.0027895,0.0027895,0.0027895
439,10302.4,0.75679,0.4373,0.90829,0.92305,0.87775,0.92496,0.71102,0.71117,0.38038,0.9077,0.002773,0.002773,0.002773
440,10325.9,0.73183,0.43189,0.89987,0.91849,0.88257,0.92508,0.71014,0.71233,0.38194,0.90742,0.0027565,0.0027565,0.0027565
441,10349.2,0.73642,0.42841,0.90876,0.92098,0.87867,0.92567,0.71263,0.7105,0.38098,0.90635,0.00274,0.00274,0.00274
442,10372.8,0.75143,0.43532,0.90915,0.91827,0.87973,0.9255,0.71059,0.71173,0.38024,0.90669,0.0027235,0.0027235,0.0027235
443,10396.2,0.7315,0.42456,0.89699,0.91722,0.88319,0.92749,0.71135,0.71218,0.3794,0.90692,0.002707,0.002707,0.002707
444,10419.8,0.71434,0.41713,0.89899,0.92017,0.88503,0.92763,0.71358,0.71222,0.37972,0.90734,0.0026905,0.0026905,0.0026905
445,10443,0.72167,0.42042,0.90463,0.91769,0.8862,0.92641,0.71277,0.71162,0.37999,0.90785,0.002674,0.002674,0.002674
446,10466.5,0.71657,0.4234,0.90102,0.91254,0.88492,0.92539,0.71067,0.71177,0.37747,0.90872,0.0026575,0.0026575,0.0026575
447,10490.3,0.72927,0.4257,0.89765,0.91395,0.88933,0.92461,0.711,0.71306,0.37616,0.90914,0.002641,0.002641,0.002641
448,10513.5,0.73499,0.42212,0.9146,0.92073,0.88155,0.92386,0.70773,0.71415,0.37659,0.90925,0.0026245,0.0026245,0.0026245
449,10536.8,0.75134,0.42808,0.90927,0.91877,0.88108,0.92284,0.70935,0.71619,0.37742,0.90951,0.002608,0.002608,0.002608
450,10560.3,0.72798,0.42215,0.89754,0.9226,0.87827,0.92326,0.70878,0.71555,0.37628,0.90975,0.0025915,0.0025915,0.0025915
451,10583.6,0.70972,0.42029,0.89644,0.93558,0.87335,0.92486,0.70982,0.71432,0.37562,0.90848,0.002575,0.002575,0.002575
452,10607.9,0.71806,0.42183,0.89418,0.93058,0.87191,0.9243,0.70935,0.71539,0.37578,0.90752,0.0025585,0.0025585,0.0025585
453,10631.3,0.73633,0.4269,0.89749,0.93862,0.8665,0.92476,0.70912,0.71547,0.37539,0.9075,0.002542,0.002542,0.002542
454,10654.8,0.72917,0.429,0.90524,0.94015,0.86544,0.92508,0.70994,0.71614,0.37728,0.90753,0.0025255,0.0025255,0.0025255
455,10678.3,0.74926,0.43135,0.9117,0.93738,0.86547,0.92398,0.70704,0.7173,0.37993,0.90704,0.002509,0.002509,0.002509
456,10701.7,0.74949,0.42812,0.91204,0.93688,0.866,0.92358,0.70869,0.71497,0.37736,0.90674,0.0024925,0.0024925,0.0024925
457,10725.2,0.72989,0.42962,0.8979,0.93754,0.86518,0.92335,0.70731,0.71567,0.37937,0.90781,0.002476,0.002476,0.002476
458,10748.9,0.7367,0.42565,0.90473,0.92848,0.86986,0.92426,0.7082,0.71622,0.3799,0.90802,0.0024595,0.0024595,0.0024595
459,10772.3,0.74995,0.43278,0.90573,0.93505,0.86705,0.92569,0.7107,0.71547,0.38001,0.90688,0.002443,0.002443,0.002443
460,10795.8,0.72122,0.41851,0.89743,0.9404,0.86666,0.92801,0.7112,0.715,0.37694,0.90638,0.0024265,0.0024265,0.0024265
461,10819.9,0.71892,0.42149,0.89597,0.93709,0.8699,0.92821,0.71079,0.71428,0.37404,0.90616,0.00241,0.00241,0.00241
462,10843.1,0.73163,0.42489,0.90175,0.94256,0.86537,0.92825,0.71101,0.71323,0.37408,0.90625,0.0023935,0.0023935,0.0023935
463,10866.5,0.72026,0.42068,0.89757,0.94259,0.86303,0.9274,0.71094,0.71203,0.3757,0.90576,0.002377,0.002377,0.002377
464,10889.9,0.75119,0.43168,0.91199,0.91621,0.88489,0.92646,0.71056,0.71118,0.37493,0.90508,0.0023605,0.0023605,0.0023605
465,10913.4,0.69143,0.41249,0.88596,0.93148,0.86841,0.92512,0.7101,0.70981,0.37774,0.90446,0.002344,0.002344,0.002344
466,10936.8,0.71311,0.4188,0.90233,0.93497,0.86624,0.92602,0.7116,0.70983,0.37803,0.90495,0.0023275,0.0023275,0.0023275
467,10960.4,0.7172,0.41647,0.90636,0.93752,0.86763,0.92617,0.71332,0.71046,0.37547,0.9058,0.002311,0.002311,0.002311
468,10984.4,0.73712,0.42309,0.91427,0.93904,0.8678,0.92668,0.7123,0.71017,0.37446,0.90572,0.0022945,0.0022945,0.0022945
469,11007.6,0.71592,0.42392,0.90045,0.9312,0.87582,0.9269,0.71251,0.70949,0.37341,0.90597,0.002278,0.002278,0.002278
470,11031.1,0.71972,0.41569,0.90464,0.93194,0.87514,0.92684,0.71529,0.70818,0.37323,0.90548,0.0022615,0.0022615,0.0022615
471,11054.5,0.72897,0.42585,0.901,0.92932,0.87741,0.92565,0.71478,0.70936,0.37494,0.90541,0.002245,0.002245,0.002245
472,11078,0.72074,0.41402,0.90029,0.92945,0.87545,0.92539,0.71287,0.70741,0.37276,0.9055,0.0022285,0.0022285,0.0022285
473,11101.4,0.71783,0.41407,0.90023,0.93731,0.86666,0.92599,0.71049,0.70649,0.37425,0.90567,0.002212,0.002212,0.002212
474,11125,0.69101,0.404,0.89136,0.93858,0.86706,0.92546,0.71014,0.70631,0.37442,0.90613,0.0021955,0.0021955,0.0021955
475,11148.3,0.70672,0.41749,0.90226,0.93543,0.86673,0.92506,0.71187,0.70584,0.3744,0.90658,0.002179,0.002179,0.002179
476,11172.3,0.73884,0.42456,0.90517,0.93612,0.86824,0.92518,0.71022,0.70675,0.37376,0.90681,0.0021625,0.0021625,0.0021625
477,11195.5,0.70983,0.41404,0.89756,0.93361,0.87164,0.92469,0.71086,0.70653,0.37721,0.90634,0.002146,0.002146,0.002146
478,11219.1,0.7496,0.42827,0.90343,0.93188,0.8744,0.92514,0.71205,0.70608,0.37546,0.90615,0.0021295,0.0021295,0.0021295
479,11242.6,0.70044,0.401,0.8961,0.93057,0.87837,0.92583,0.71098,0.7074,0.3748,0.90603,0.002113,0.002113,0.002113
480,11266.1,0.71441,0.42463,0.89547,0.93167,0.87604,0.92632,0.71056,0.70867,0.37383,0.90637,0.0020965,0.0020965,0.0020965
481,11289.5,0.70466,0.40734,0.88963,0.92389,0.88426,0.92516,0.71093,0.70796,0.37394,0.90612,0.00208,0.00208,0.00208
482,11313.4,0.68411,0.40686,0.88589,0.92568,0.87884,0.92542,0.71204,0.70829,0.37426,0.90616,0.0020635,0.0020635,0.0020635
483,11336.7,0.7194,0.42024,0.90454,0.92026,0.88548,0.92499,0.71067,0.70847,0.3761,0.90582,0.002047,0.002047,0.002047
484,11360.1,0.72995,0.42285,0.90144,0.9333,0.86763,0.92441,0.71003,0.70859,0.37614,0.90652,0.0020305,0.0020305,0.0020305
485,11383.6,0.7115,0.41263,0.89659,0.9135,0.88538,0.92467,0.70969,0.70884,0.37775,0.90741,0.002014,0.002014,0.002014
486,11406.9,0.71333,0.42125,0.89936,0.91922,0.88036,0.92458,0.71094,0.70963,0.37803,0.90802,0.0019975,0.0019975,0.0019975
487,11430.5,0.74046,0.43085,0.9057,0.91483,0.88212,0.92509,0.71183,0.70914,0.37891,0.90793,0.001981,0.001981,0.001981
488,11453.7,0.73031,0.42174,0.89512,0.9163,0.88559,0.92605,0.71111,0.71031,0.37845,0.90792,0.0019645,0.0019645,0.0019645
489,11477.3,0.70932,0.41266,0.90128,0.91428,0.88895,0.9266,0.71279,0.71077,0.37802,0.90791,0.001948,0.001948,0.001948
490,11501,0.73274,0.41933,0.89805,0.91455,0.88979,0.92654,0.70934,0.71074,0.37661,0.90737,0.0019315,0.0019315,0.0019315
491,11525.7,0.73081,0.41643,0.89787,0.91152,0.89075,0.92642,0.71092,0.71044,0.3767,0.90736,0.001915,0.001915,0.001915
492,11549,0.72534,0.42053,0.90764,0.92072,0.88297,0.92618,0.7108,0.70995,0.37584,0.90753,0.0018985,0.0018985,0.0018985
493,11572.3,0.70812,0.40683,0.89269,0.90457,0.89523,0.9258,0.71102,0.70989,0.37684,0.90801,0.001882,0.001882,0.001882
494,11595.5,0.739,0.42396,0.90002,0.90352,0.89862,0.92522,0.70991,0.70917,0.37734,0.90759,0.0018655,0.0018655,0.0018655
495,11618.8,0.72595,0.4177,0.89855,0.90711,0.89741,0.92476,0.70818,0.7091,0.37783,0.90702,0.001849,0.001849,0.001849
496,11642.2,0.71984,0.41582,0.90469,0.90818,0.89212,0.92439,0.709,0.70964,0.37814,0.90705,0.0018325,0.0018325,0.0018325
497,11665.4,0.72458,0.42308,0.91128,0.90407,0.89582,0.92427,0.71053,0.71083,0.37884,0.90664,0.001816,0.001816,0.001816
498,11689.3,0.71438,0.41746,0.90623,0.90463,0.89333,0.92409,0.70962,0.71105,0.38171,0.90642,0.0017995,0.0017995,0.0017995
499,11712.8,0.68526,0.40569,0.89206,0.90372,0.89555,0.92492,0.71083,0.71002,0.37981,0.90605,0.001783,0.001783,0.001783
500,11736.4,0.6981,0.40613,0.89929,0.90482,0.89703,0.92415,0.70897,0.70966,0.3783,0.90646,0.0017665,0.0017665,0.0017665
501,11760.1,0.73554,0.42144,0.90622,0.90191,0.89549,0.92286,0.71004,0.7089,0.37816,0.90647,0.00175,0.00175,0.00175
502,11783.5,0.72786,0.42135,0.91002,0.90063,0.89156,0.92187,0.70924,0.7082,0.37991,0.90632,0.0017335,0.0017335,0.0017335
503,11807.2,0.73663,0.41288,0.9037,0.8991,0.89686,0.92177,0.70853,0.70839,0.37859,0.90592,0.001717,0.001717,0.001717
